<?xml version = '1.0' encoding = 'UTF-8'?>
<FKIndexAssociation class="oracle.dbtools.crest.model.design.relational.FKIndexAssociation" directorySegmentName="seg_0" id="0757863D-9BE9-041F-985E-352CADAEDF33" containerWithKeyObject="1BCA14F4-76A1-15D5-A7E6-F6F544006D23" localFKIndex="C3600A05-E096-CFC1-6830-520D2379067D" name="TBL_TEMPORADAS_TBL_SERIES_FK">
<createdBy>josue_9bo11ev</createdBy>
<createdTime>2023-10-22 04:56:29 UTC</createdTime>
<ownerDesignName>NETFLIX</ownerDesignName>
<referredTableLongName>TBL_SERIES</referredTableLongName>
<deleteRule>NO ACTION</deleteRule>
<referredTableID>5543A085-D9BB-168C-55D1-E5ACCF20E76E</referredTableID>
<keyObject>50F6ED4B-15B9-097E-434D-19B7BE79F10D</keyObject>
<referredKeyID>50F6ED4B-15B9-097E-434D-19B7BE79F10D</referredKeyID>
<mandatory>true</mandatory>
<refColNames>ID_SERIE</refColNames>
<transferable>true</transferable>
<rely>false</rely>
<columnDependencyConstraintGenerateInDDL>true</columnDependencyConstraintGenerateInDDL>
</FKIndexAssociation>