<?xml version = '1.0' encoding = 'UTF-8'?>
<FKIndexAssociation class="oracle.dbtools.crest.model.design.relational.FKIndexAssociation" directorySegmentName="seg_0" id="0E13DABB-9EB0-1775-9006-3C7981AD02CD" containerWithKeyObject="873CE9CD-DF95-A979-99E9-656AA8F1349D" localFKIndex="19321086-652E-DCD6-B9A6-AC3137DBD835" name="TBL_VALORACION_TBL_SERIES_FK">
<createdBy>josue_9bo11ev</createdBy>
<createdTime>2023-10-22 05:01:55 UTC</createdTime>
<ownerDesignName>NETFLIX</ownerDesignName>
<referredTableLongName>TBL_SERIES</referredTableLongName>
<deleteRule>NO ACTION</deleteRule>
<referredTableID>5543A085-D9BB-168C-55D1-E5ACCF20E76E</referredTableID>
<keyObject>50F6ED4B-15B9-097E-434D-19B7BE79F10D</keyObject>
<referredKeyID>50F6ED4B-15B9-097E-434D-19B7BE79F10D</referredKeyID>
<mandatory>true</mandatory>
<refColNames>ID_SERIE</refColNames>
<transferable>true</transferable>
<rely>false</rely>
<columnDependencyConstraintGenerateInDDL>true</columnDependencyConstraintGenerateInDDL>
</FKIndexAssociation>