<?xml version = '1.0' encoding = 'UTF-8'?>
<FKIndexAssociation class="oracle.dbtools.crest.model.design.relational.FKIndexAssociation" directorySegmentName="seg_0" id="5617F731-A948-C402-1D84-109CFB75AF60" containerWithKeyObject="C52A019D-C9A6-7A04-04AB-9F70C2D4AB9A" localFKIndex="783B03ED-D529-0D42-35B6-ADC21DC43A67" name="TBL_SERIESv1_TBL_GENERO_FK">
<createdBy>josue_9bo11ev</createdBy>
<createdTime>2023-10-22 02:56:00 UTC</createdTime>
<ownerDesignName>NETFLIX</ownerDesignName>
<referredTableLongName>TBL_GENERO</referredTableLongName>
<deleteRule>NO ACTION</deleteRule>
<referredTableID>C9B6047B-67C3-C36D-2DED-3B3A515D5C0B</referredTableID>
<keyObject>49B8E5E9-FC6B-A1D9-D32C-99074540C52B</keyObject>
<referredKeyID>49B8E5E9-FC6B-A1D9-D32C-99074540C52B</referredKeyID>
<mandatory>true</mandatory>
<refColNames>ID_GENERO</refColNames>
<transferable>true</transferable>
<rely>false</rely>
<columnDependencyConstraintGenerateInDDL>true</columnDependencyConstraintGenerateInDDL>
</FKIndexAssociation>