<?xml version = '1.0' encoding = 'UTF-8'?>
<FKIndexAssociation class="oracle.dbtools.crest.model.design.relational.FKIndexAssociation" directorySegmentName="seg_0" id="7DD8B8FC-64B6-5F3E-05B7-3374BC6CFA44" containerWithKeyObject="1BF5AC83-17E3-0ADC-D45E-F3AB0D8D99A0" localFKIndex="5B9331AF-C7E3-75BB-B149-676B67CCD2A1" name="TBL_COMENTARIOS_TBL_SERIES_FK">
<createdBy>josue_9bo11ev</createdBy>
<createdTime>2023-10-22 05:06:28 UTC</createdTime>
<ownerDesignName>NETFLIX</ownerDesignName>
<referredTableLongName>TBL_SERIES</referredTableLongName>
<deleteRule>NO ACTION</deleteRule>
<referredTableID>5543A085-D9BB-168C-55D1-E5ACCF20E76E</referredTableID>
<keyObject>50F6ED4B-15B9-097E-434D-19B7BE79F10D</keyObject>
<referredKeyID>50F6ED4B-15B9-097E-434D-19B7BE79F10D</referredKeyID>
<mandatory>true</mandatory>
<refColNames>ID_SERIE</refColNames>
<transferable>true</transferable>
<rely>false</rely>
<columnDependencyConstraintGenerateInDDL>true</columnDependencyConstraintGenerateInDDL>
</FKIndexAssociation>