<?xml version = '1.0' encoding = 'UTF-8'?>
<FKIndexAssociation class="oracle.dbtools.crest.model.design.relational.FKIndexAssociation" directorySegmentName="seg_0" id="B33DEA85-BCD3-BD4B-6FEC-DEDC03A92520" containerWithKeyObject="1BF5AC83-17E3-0ADC-D45E-F3AB0D8D99A0" localFKIndex="C44A57B0-435C-C68C-47CC-7A77812EFFB3" name="TBL_COMENTARIOS_TBL_PELICULAS_FK">
<createdBy>josue_9bo11ev</createdBy>
<createdTime>2023-10-22 05:06:33 UTC</createdTime>
<ownerDesignName>NETFLIX</ownerDesignName>
<referredTableLongName>TBL_PELICULAS</referredTableLongName>
<deleteRule>NO ACTION</deleteRule>
<referredTableID>C52A019D-C9A6-7A04-04AB-9F70C2D4AB9A</referredTableID>
<keyObject>7E82E550-8CE8-9ECC-DF0A-8EAF750A6303</keyObject>
<referredKeyID>7E82E550-8CE8-9ECC-DF0A-8EAF750A6303</referredKeyID>
<mandatory>true</mandatory>
<refColNames>ID_PELICULA</refColNames>
<transferable>true</transferable>
<rely>false</rely>
<columnDependencyConstraintGenerateInDDL>true</columnDependencyConstraintGenerateInDDL>
</FKIndexAssociation>