<?xml version = '1.0' encoding = 'UTF-8'?>
<FKIndexAssociation class="oracle.dbtools.crest.model.design.relational.FKIndexAssociation" directorySegmentName="seg_0" id="B3F44A09-1659-1A53-851D-9F37047114C1" containerWithKeyObject="503A5FC6-E451-28C4-5D3C-B7CC06D7D096" localFKIndex="7CA76973-59C3-AE89-9E25-43FCD2D5C3F1" name="TBL_EPISODIOS_TBL_TEMPORADAS_FK">
<createdBy>josue_9bo11ev</createdBy>
<createdTime>2023-10-22 04:54:34 UTC</createdTime>
<ownerDesignName>NETFLIX</ownerDesignName>
<referredTableLongName>TBL_TEMPORADAS</referredTableLongName>
<deleteRule>NO ACTION</deleteRule>
<referredTableID>1BCA14F4-76A1-15D5-A7E6-F6F544006D23</referredTableID>
<keyObject>75899FA2-18E6-568C-EA1D-59E99DF62922</keyObject>
<referredKeyID>75899FA2-18E6-568C-EA1D-59E99DF62922</referredKeyID>
<mandatory>true</mandatory>
<refColNames>ID_TEMPORADA</refColNames>
<transferable>true</transferable>
<rely>false</rely>
<columnDependencyConstraintGenerateInDDL>true</columnDependencyConstraintGenerateInDDL>
</FKIndexAssociation>