<?xml version = '1.0' encoding = 'UTF-8'?>
<FKIndexAssociation class="oracle.dbtools.crest.model.design.relational.FKIndexAssociation" directorySegmentName="seg_0" id="CC0D8C15-3934-C6EC-6A71-AA0A731906FB" containerWithKeyObject="5543A085-D9BB-168C-55D1-E5ACCF20E76E" localFKIndex="98680F24-EBB2-5488-EAD3-352692F24B5C" name="TBL_SERIES_TBL_GENERO_FK">
<createdBy>josue_9bo11ev</createdBy>
<createdTime>2023-10-22 02:55:11 UTC</createdTime>
<ownerDesignName>NETFLIX</ownerDesignName>
<referredTableLongName>TBL_GENERO</referredTableLongName>
<deleteRule>NO ACTION</deleteRule>
<referredTableID>C9B6047B-67C3-C36D-2DED-3B3A515D5C0B</referredTableID>
<keyObject>49B8E5E9-FC6B-A1D9-D32C-99074540C52B</keyObject>
<referredKeyID>49B8E5E9-FC6B-A1D9-D32C-99074540C52B</referredKeyID>
<mandatory>true</mandatory>
<refColNames>ID_GENERO</refColNames>
<transferable>true</transferable>
<rely>false</rely>
<columnDependencyConstraintGenerateInDDL>true</columnDependencyConstraintGenerateInDDL>
</FKIndexAssociation>