<?xml version = '1.0' encoding = 'UTF-8'?>
<FKIndexAssociation class="oracle.dbtools.crest.model.design.relational.FKIndexAssociation" directorySegmentName="seg_0" id="E09F166E-1171-B21B-D628-6EA3FEDCDA11" containerWithKeyObject="873CE9CD-DF95-A979-99E9-656AA8F1349D" localFKIndex="8149D023-1300-F4F0-D514-945916700BCA" name="TBL_VALORACION_TBL_PELICULAS_FK">
<createdBy>josue_9bo11ev</createdBy>
<createdTime>2023-10-22 05:01:49 UTC</createdTime>
<ownerDesignName>NETFLIX</ownerDesignName>
<referredTableLongName>TBL_PELICULAS</referredTableLongName>
<deleteRule>NO ACTION</deleteRule>
<referredTableID>C52A019D-C9A6-7A04-04AB-9F70C2D4AB9A</referredTableID>
<keyObject>7E82E550-8CE8-9ECC-DF0A-8EAF750A6303</keyObject>
<referredKeyID>7E82E550-8CE8-9ECC-DF0A-8EAF750A6303</referredKeyID>
<mandatory>true</mandatory>
<refColNames>ID_PELICULA</refColNames>
<transferable>true</transferable>
<rely>false</rely>
<columnDependencyConstraintGenerateInDDL>true</columnDependencyConstraintGenerateInDDL>
</FKIndexAssociation>