<?xml version = '1.0' encoding = 'UTF-8'?>
<Diagram class="oracle.dbtools.crest.swingui.relational.DPVRelational" name="Netflix" id="5BB95BCD-BA6B-CC70-77F2-65B6D98947EF">
<createdBy>josue_9bo11ev</createdBy>
<modifiedBy>josue_9bo11ev</modifiedBy>
<createdTime>2023-10-22 02:38:54 UTC</createdTime>
<autoRoute>false</autoRoute>
<boxInbox>true</boxInbox>
<showLegend>false</showLegend>
<showLabels>false</showLabels>
<showRelAttributes>false</showRelAttributes>
<gridEnabled>false</gridEnabled>
<showGrid>false</showGrid>
<diagramColor>-1</diagramColor>
<display>false</display>
<notation>1</notation>
<objectViews>
<OView class="oracle.dbtools.crest.swingui.relational.TVTable" oid="1BCA14F4-76A1-15D5-A7E6-F6F544006D23" otype="Table" vid="0969A3BA-669D-72B3-6B21-F7B12CD7436B">
<hideElementsInCurrentOnly>false</hideElementsInCurrentOnly>
<bounds x="357" y="27" width="312" height="142"/>
</OView>
<OView class="oracle.dbtools.crest.swingui.relational.TVTable" oid="1BF5AC83-17E3-0ADC-D45E-F3AB0D8D99A0" otype="Table" vid="7D2D363D-9D53-4835-8A46-0C8D5618F746">
<hideElementsInCurrentOnly>false</hideElementsInCurrentOnly>
<bounds x="510" y="523" width="359" height="182"/>
</OView>
<OView class="oracle.dbtools.crest.swingui.relational.TVTable" oid="503A5FC6-E451-28C4-5D3C-B7CC06D7D096" otype="Table" vid="7F569909-DFC0-0BE7-6E31-214D7B9CED88">
<hideElementsInCurrentOnly>false</hideElementsInCurrentOnly>
<bounds x="320" y="235" width="257" height="170"/>
</OView>
<OView class="oracle.dbtools.crest.swingui.relational.TVTable" oid="5543A085-D9BB-168C-55D1-E5ACCF20E76E" otype="Table" vid="A103C277-9116-4C49-B341-27D6E07017EA">
<hideElementsInCurrentOnly>false</hideElementsInCurrentOnly>
<bounds x="640" y="180" width="355" height="226"/>
</OView>
<OView class="oracle.dbtools.crest.swingui.relational.TVTable" oid="74531F58-A988-F266-02AF-75FD9E9F786F" otype="Table" vid="C4B52EB6-F687-F23A-E361-1F74FE3A1702">
<hideElementsInCurrentOnly>false</hideElementsInCurrentOnly>
<bounds x="14" y="53" width="305" height="130"/>
</OView>
<OView class="oracle.dbtools.crest.swingui.relational.TVTable" oid="873CE9CD-DF95-A979-99E9-656AA8F1349D" otype="Table" vid="7D31DA55-12D8-2DC0-678E-D310CCC6160E">
<hideElementsInCurrentOnly>false</hideElementsInCurrentOnly>
<bounds x="914" y="545" width="270" height="162"/>
</OView>
<OView class="oracle.dbtools.crest.swingui.relational.TVTable" oid="C52A019D-C9A6-7A04-04AB-9F70C2D4AB9A" otype="Table" vid="1D259C7E-6D55-7A92-1B79-E1AB80DA5C18">
<hideElementsInCurrentOnly>false</hideElementsInCurrentOnly>
<bounds x="1049" y="226" width="355" height="226"/>
</OView>
<OView class="oracle.dbtools.crest.swingui.relational.TVTable" oid="C9B6047B-67C3-C36D-2DED-3B3A515D5C0B" otype="Table" vid="44B0B4DA-7750-9E25-29E4-E5FB38BBB4B5">
<hideElementsInCurrentOnly>false</hideElementsInCurrentOnly>
<bounds x="951" y="19" width="269" height="147"/>
</OView>
</objectViews>
<connectors>
<Connector class="oracle.dbtools.crest.swingui.relational.TVFKRelation" oid="0757863D-9BE9-041F-985E-352CADAEDF33" otype="FKIndexAssociation" vid_source="A103C277-9116-4C49-B341-27D6E07017EA" vid_target="0969A3BA-669D-72B3-6B21-F7B12CD7436B">
<hideElementsInCurrentOnly>false</hideElementsInCurrentOnly>
<backgroundColor>-16777216</backgroundColor>
<lineWidth>1</lineWidth>
<points>
<point x="731" y="180"/>
<point x="731" y="108"/>
<point x="669" y="108"/>
</points>
</Connector>
<Connector class="oracle.dbtools.crest.swingui.relational.TVFKRelation" oid="0E13DABB-9EB0-1775-9006-3C7981AD02CD" otype="FKIndexAssociation" vid_source="A103C277-9116-4C49-B341-27D6E07017EA" vid_target="7D31DA55-12D8-2DC0-678E-D310CCC6160E">
<hideElementsInCurrentOnly>false</hideElementsInCurrentOnly>
<backgroundColor>-16777216</backgroundColor>
<lineWidth>1</lineWidth>
<points>
<point x="954" y="406"/>
<point x="954" y="545"/>
</points>
</Connector>
<Connector class="oracle.dbtools.crest.swingui.relational.TVFKRelation" oid="5617F731-A948-C402-1D84-109CFB75AF60" otype="FKIndexAssociation" vid_source="44B0B4DA-7750-9E25-29E4-E5FB38BBB4B5" vid_target="1D259C7E-6D55-7A92-1B79-E1AB80DA5C18">
<hideElementsInCurrentOnly>false</hideElementsInCurrentOnly>
<backgroundColor>-16777216</backgroundColor>
<lineWidth>1</lineWidth>
<points>
<point x="1214" y="108"/>
<point x="1214" y="108"/>
<point x="1214" y="226"/>
</points>
</Connector>
<Connector class="oracle.dbtools.crest.swingui.relational.TVFKRelation" oid="7DD8B8FC-64B6-5F3E-05B7-3374BC6CFA44" otype="FKIndexAssociation" vid_source="A103C277-9116-4C49-B341-27D6E07017EA" vid_target="7D2D363D-9D53-4835-8A46-0C8D5618F746">
<hideElementsInCurrentOnly>false</hideElementsInCurrentOnly>
<backgroundColor>-16777216</backgroundColor>
<lineWidth>1</lineWidth>
<points>
<point x="754" y="406"/>
<point x="754" y="523"/>
</points>
</Connector>
<Connector class="oracle.dbtools.crest.swingui.relational.TVFKRelation" oid="B33DEA85-BCD3-BD4B-6FEC-DEDC03A92520" otype="FKIndexAssociation" vid_source="1D259C7E-6D55-7A92-1B79-E1AB80DA5C18" vid_target="7D2D363D-9D53-4835-8A46-0C8D5618F746">
<hideElementsInCurrentOnly>false</hideElementsInCurrentOnly>
<backgroundColor>-16777216</backgroundColor>
<lineWidth>1</lineWidth>
<points>
<point x="1049" y="428"/>
<point x="842" y="428"/>
<point x="842" y="523"/>
</points>
</Connector>
<Connector class="oracle.dbtools.crest.swingui.relational.TVFKRelation" oid="B3F44A09-1659-1A53-851D-9F37047114C1" otype="FKIndexAssociation" vid_source="0969A3BA-669D-72B3-6B21-F7B12CD7436B" vid_target="7F569909-DFC0-0BE7-6E31-214D7B9CED88">
<hideElementsInCurrentOnly>false</hideElementsInCurrentOnly>
<backgroundColor>-16777216</backgroundColor>
<lineWidth>1</lineWidth>
<points>
<point x="467" y="169"/>
<point x="467" y="235"/>
</points>
</Connector>
<Connector class="oracle.dbtools.crest.swingui.relational.TVFKRelation" oid="CC0D8C15-3934-C6EC-6A71-AA0A731906FB" otype="FKIndexAssociation" vid_source="44B0B4DA-7750-9E25-29E4-E5FB38BBB4B5" vid_target="A103C277-9116-4C49-B341-27D6E07017EA">
<hideElementsInCurrentOnly>false</hideElementsInCurrentOnly>
<backgroundColor>-16777216</backgroundColor>
<lineWidth>1</lineWidth>
<points>
<point x="951" y="114"/>
<point x="823" y="114"/>
<point x="823" y="180"/>
</points>
</Connector>
<Connector class="oracle.dbtools.crest.swingui.relational.TVFKRelation" oid="E09F166E-1171-B21B-D628-6EA3FEDCDA11" otype="FKIndexAssociation" vid_source="1D259C7E-6D55-7A92-1B79-E1AB80DA5C18" vid_target="7D31DA55-12D8-2DC0-678E-D310CCC6160E">
<hideElementsInCurrentOnly>false</hideElementsInCurrentOnly>
<backgroundColor>-16777216</backgroundColor>
<lineWidth>1</lineWidth>
<points>
<point x="1116" y="452"/>
<point x="1116" y="545"/>
</points>
</Connector>
</connectors>
</Diagram>