<?xml version = '1.0' encoding = 'UTF-8'?>
<Table class="oracle.dbtools.crest.model.design.relational.Table" directorySegmentName="seg_0" id="1BCA14F4-76A1-15D5-A7E6-F6F544006D23" name="TBL_TEMPORADAS">
<createdBy>josue_9bo11ev</createdBy>
<createdTime>2023-10-22 04:53:16 UTC</createdTime>
<ownerDesignName>NETFLIX</ownerDesignName>
<ordsAlias>table_6</ordsAlias>
<allowColumnReorder>false</allowColumnReorder>
<existDependencyGenerateInDDl>true</existDependencyGenerateInDDl>
<parsed>true</parsed>
<columns itemClass="oracle.dbtools.crest.model.design.relational.Column">
<Column name="ID_TEMPORADA" id="A131BE27-C3B4-8365-41E0-D5D87B1B874F">
<createdBy>josue_9bo11ev</createdBy>
<createdTime>2023-10-22 04:54:17 UTC</createdTime>
<ownerDesignName>NETFLIX</ownerDesignName>
<useDomainConstraints>false</useDomainConstraints>
<use>1</use>
<logicalDatatype>LOGDT011</logicalDatatype>
<ownDataTypeParameters>,,</ownDataTypeParameters>
<autoIncrementCycle>false</autoIncrementCycle>
</Column>
<Column name="ID_SERIE" id="43BE3403-2FFF-16DA-2696-7D90550E270D">
<createdBy>josue_9bo11ev</createdBy>
<createdTime>2023-10-22 04:56:29 UTC</createdTime>
<ownerDesignName>NETFLIX</ownerDesignName>
<useDomainConstraints>false</useDomainConstraints>
<use>1</use>
<logicalDatatype>LOGDT011</logicalDatatype>
<ownDataTypeParameters>,,</ownDataTypeParameters>
<previousColumn>false</previousColumn>
<autoIncrementCycle>false</autoIncrementCycle>
<associations>
<colAssociation fkAssociation="0757863D-9BE9-041F-985E-352CADAEDF33" referredColumn="CF038137-CB02-6737-42A0-1E58EC867646"/>
</associations>
</Column>
<Column name="NUMERO_TEMPORADA" id="32C8A51A-751E-08ED-1EB4-0D5F1AA7B97F">
<createdBy>josue_9bo11ev</createdBy>
<createdTime>2023-10-22 04:54:17 UTC</createdTime>
<ownerDesignName>NETFLIX</ownerDesignName>
<nullsAllowed>true</nullsAllowed>
<useDomainConstraints>false</useDomainConstraints>
<use>1</use>
<logicalDatatype>LOGDT011</logicalDatatype>
<ownDataTypeParameters>,,</ownDataTypeParameters>
<autoIncrementCycle>false</autoIncrementCycle>
</Column>
<Column name="FEHCA_LANZAMIENTO " id="708022FD-5587-2E35-3BAC-5A7068ABFD57">
<createdBy>josue_9bo11ev</createdBy>
<createdTime>2023-10-22 04:54:17 UTC</createdTime>
<ownerDesignName>NETFLIX</ownerDesignName>
<nullsAllowed>true</nullsAllowed>
<useDomainConstraints>false</useDomainConstraints>
<use>1</use>
<logicalDatatype>LOGDT007</logicalDatatype>
<ownDataTypeParameters>,,</ownDataTypeParameters>
<autoIncrementCycle>false</autoIncrementCycle>
</Column>
</columns>
<indexes itemClass="oracle.dbtools.crest.model.design.relational.Index">
<ind_PK_UK id="75899FA2-18E6-568C-EA1D-59E99DF62922" name="TBL_TEMPORADAS_PK">
<createdBy>josue_9bo11ev</createdBy>
<createdTime>2023-10-22 04:54:17 UTC</createdTime>
<ownerDesignName>NETFLIX</ownerDesignName>
<pk>true</pk>
<indexState>Primary Constraint</indexState>
<isSurrogateKey>false</isSurrogateKey>
<indexColumnUsage>
<colUsage columnID="A131BE27-C3B4-8365-41E0-D5D87B1B874F"/>
</indexColumnUsage>
</ind_PK_UK>
<ind_PK_UK id="C3600A05-E096-CFC1-6830-520D2379067D" name="TBL_TEMPORADAS_TBL_SERIES_FK">
<createdBy>josue_9bo11ev</createdBy>
<createdTime>2023-10-22 04:56:29 UTC</createdTime>
<ownerDesignName>NETFLIX</ownerDesignName>
<indexState>Foreign Key</indexState>
<isSurrogateKey>false</isSurrogateKey>
<indexColumnUsage>
<colUsage columnID="43BE3403-2FFF-16DA-2696-7D90550E270D"/>
</indexColumnUsage>
</ind_PK_UK>
</indexes>
</Table>