<?xml version = '1.0' encoding = 'UTF-8'?>
<Table class="oracle.dbtools.crest.model.design.relational.Table" directorySegmentName="seg_0" id="1BF5AC83-17E3-0ADC-D45E-F3AB0D8D99A0" name="TBL_COMENTARIOS">
<createdBy>josue_9bo11ev</createdBy>
<createdTime>2023-10-22 05:03:21 UTC</createdTime>
<ownerDesignName>NETFLIX</ownerDesignName>
<ordsAlias>table_9</ordsAlias>
<allowColumnReorder>false</allowColumnReorder>
<existDependencyGenerateInDDl>true</existDependencyGenerateInDDl>
<parsed>true</parsed>
<columns itemClass="oracle.dbtools.crest.model.design.relational.Column">
<Column name="ID_COMENTARIO" id="A66895BA-B5D8-9D16-A897-F897467E159D">
<createdBy>josue_9bo11ev</createdBy>
<createdTime>2023-10-22 05:04:05 UTC</createdTime>
<ownerDesignName>NETFLIX</ownerDesignName>
<useDomainConstraints>false</useDomainConstraints>
<use>1</use>
<logicalDatatype>LOGDT011</logicalDatatype>
<ownDataTypeParameters>,,</ownDataTypeParameters>
<autoIncrementCycle>false</autoIncrementCycle>
</Column>
<Column name="COMENTARIO" id="1CF838A5-F284-C928-5B1D-483D2B6C6C7F">
<createdBy>josue_9bo11ev</createdBy>
<createdTime>2023-10-22 05:04:05 UTC</createdTime>
<ownerDesignName>NETFLIX</ownerDesignName>
<nullsAllowed>true</nullsAllowed>
<useDomainConstraints>false</useDomainConstraints>
<use>1</use>
<logicalDatatype>LOGDT024</logicalDatatype>
<ownDataTypeParameters>,,</ownDataTypeParameters>
<autoIncrementCycle>false</autoIncrementCycle>
</Column>
<Column name="TBL_SERIES_ID_SERIE" id="943F71D9-8546-E74D-2476-347E843551D6">
<createdBy>josue_9bo11ev</createdBy>
<createdTime>2023-10-22 05:06:28 UTC</createdTime>
<ownerDesignName>NETFLIX</ownerDesignName>
<useDomainConstraints>false</useDomainConstraints>
<use>1</use>
<logicalDatatype>LOGDT011</logicalDatatype>
<ownDataTypeParameters>,,</ownDataTypeParameters>
<previousColumn>false</previousColumn>
<autoIncrementCycle>false</autoIncrementCycle>
<associations>
<colAssociation fkAssociation="7DD8B8FC-64B6-5F3E-05B7-3374BC6CFA44" referredColumn="CF038137-CB02-6737-42A0-1E58EC867646"/>
</associations>
</Column>
<Column name="TBL_PELICULAS_ID_PELICULA" id="4F81A542-E7E9-71DD-58E9-A5781700541C">
<createdBy>josue_9bo11ev</createdBy>
<createdTime>2023-10-22 05:06:33 UTC</createdTime>
<ownerDesignName>NETFLIX</ownerDesignName>
<useDomainConstraints>false</useDomainConstraints>
<use>1</use>
<logicalDatatype>LOGDT011</logicalDatatype>
<ownDataTypeParameters>,,</ownDataTypeParameters>
<previousColumn>false</previousColumn>
<autoIncrementCycle>false</autoIncrementCycle>
<associations>
<colAssociation fkAssociation="B33DEA85-BCD3-BD4B-6FEC-DEDC03A92520" referredColumn="5FC0216A-7409-B6F1-C6CC-18C2D77569FD"/>
</associations>
</Column>
</columns>
<indexes itemClass="oracle.dbtools.crest.model.design.relational.Index">
<ind_PK_UK id="A08A98F3-6A51-1B76-F6CD-19D4A51A07D1" name="TBL_COMENTARIOS_PK">
<createdBy>josue_9bo11ev</createdBy>
<createdTime>2023-10-22 05:04:05 UTC</createdTime>
<ownerDesignName>NETFLIX</ownerDesignName>
<pk>true</pk>
<indexState>Primary Constraint</indexState>
<isSurrogateKey>false</isSurrogateKey>
<indexColumnUsage>
<colUsage columnID="A66895BA-B5D8-9D16-A897-F897467E159D"/>
</indexColumnUsage>
</ind_PK_UK>
<ind_PK_UK id="5B9331AF-C7E3-75BB-B149-676B67CCD2A1" name="TBL_COMENTARIOS_TBL_SERIES_FK">
<createdBy>josue_9bo11ev</createdBy>
<createdTime>2023-10-22 05:06:28 UTC</createdTime>
<ownerDesignName>NETFLIX</ownerDesignName>
<indexState>Foreign Key</indexState>
<isSurrogateKey>false</isSurrogateKey>
<indexColumnUsage>
<colUsage columnID="943F71D9-8546-E74D-2476-347E843551D6"/>
</indexColumnUsage>
</ind_PK_UK>
<ind_PK_UK id="C44A57B0-435C-C68C-47CC-7A77812EFFB3" name="TBL_COMENTARIOS_TBL_PELICULAS_FK">
<createdBy>josue_9bo11ev</createdBy>
<createdTime>2023-10-22 05:06:33 UTC</createdTime>
<ownerDesignName>NETFLIX</ownerDesignName>
<indexState>Foreign Key</indexState>
<isSurrogateKey>false</isSurrogateKey>
<indexColumnUsage>
<colUsage columnID="4F81A542-E7E9-71DD-58E9-A5781700541C"/>
</indexColumnUsage>
</ind_PK_UK>
</indexes>
</Table>