<?xml version = '1.0' encoding = 'UTF-8'?>
<Table class="oracle.dbtools.crest.model.design.relational.Table" directorySegmentName="seg_0" id="503A5FC6-E451-28C4-5D3C-B7CC06D7D096" name="TBL_EPISODIOS">
<createdBy>josue_9bo11ev</createdBy>
<createdTime>2023-10-22 04:05:46 UTC</createdTime>
<ownerDesignName>NETFLIX</ownerDesignName>
<ordsAlias>table_5</ordsAlias>
<allowColumnReorder>false</allowColumnReorder>
<existDependencyGenerateInDDl>true</existDependencyGenerateInDDl>
<parsed>true</parsed>
<columns itemClass="oracle.dbtools.crest.model.design.relational.Column">
<Column name="ID_EPISODIO" id="54D56EAA-4B46-1114-8434-37F8A83DB67A">
<createdBy>josue_9bo11ev</createdBy>
<createdTime>2023-10-22 04:06:10 UTC</createdTime>
<ownerDesignName>NETFLIX</ownerDesignName>
<useDomainConstraints>false</useDomainConstraints>
<use>1</use>
<logicalDatatype>LOGDT011</logicalDatatype>
<ownDataTypeParameters>,,</ownDataTypeParameters>
<autoIncrementCycle>false</autoIncrementCycle>
</Column>
<Column name="ID_TEMPORADA" id="1B5524B0-1147-28D6-5331-0F4D2374696F">
<createdBy>josue_9bo11ev</createdBy>
<createdTime>2023-10-22 04:54:34 UTC</createdTime>
<ownerDesignName>NETFLIX</ownerDesignName>
<useDomainConstraints>false</useDomainConstraints>
<use>1</use>
<logicalDatatype>LOGDT011</logicalDatatype>
<ownDataTypeParameters>,,</ownDataTypeParameters>
<previousColumn>false</previousColumn>
<autoIncrementCycle>false</autoIncrementCycle>
<associations>
<colAssociation fkAssociation="B3F44A09-1659-1A53-851D-9F37047114C1" referredColumn="A131BE27-C3B4-8365-41E0-D5D87B1B874F"/>
</associations>
</Column>
<Column name="TITULO_EPISODIO " id="260AC8CC-FF72-8A8D-A176-39E31F3EAB14">
<createdBy>josue_9bo11ev</createdBy>
<createdTime>2023-10-22 04:20:51 UTC</createdTime>
<ownerDesignName>NETFLIX</ownerDesignName>
<nullsAllowed>true</nullsAllowed>
<useDomainConstraints>false</useDomainConstraints>
<use>1</use>
<logicalDatatype>LOGDT024</logicalDatatype>
<dataTypeSize>50</dataTypeSize>
<ownDataTypeParameters>50,,</ownDataTypeParameters>
<autoIncrementCycle>false</autoIncrementCycle>
</Column>
<Column name="DURACION" id="8A34BC78-E05F-C1AB-42C8-D1233A0DC6A9">
<createdBy>josue_9bo11ev</createdBy>
<createdTime>2023-10-22 04:21:07 UTC</createdTime>
<ownerDesignName>NETFLIX</ownerDesignName>
<nullsAllowed>true</nullsAllowed>
<useDomainConstraints>false</useDomainConstraints>
<use>1</use>
<logicalDatatype>LOGDT011</logicalDatatype>
<ownDataTypeParameters>,,</ownDataTypeParameters>
<autoIncrementCycle>false</autoIncrementCycle>
</Column>
</columns>
<indexes itemClass="oracle.dbtools.crest.model.design.relational.Index">
<ind_PK_UK id="04A49D00-508B-FB60-3DA9-D6BB2FB4927D" name="TBL_EPISODIOS_PK">
<createdBy>josue_9bo11ev</createdBy>
<createdTime>2023-10-22 04:06:35 UTC</createdTime>
<ownerDesignName>NETFLIX</ownerDesignName>
<pk>true</pk>
<indexState>Primary Constraint</indexState>
<isSurrogateKey>false</isSurrogateKey>
<indexColumnUsage>
<colUsage columnID="54D56EAA-4B46-1114-8434-37F8A83DB67A"/>
</indexColumnUsage>
</ind_PK_UK>
<ind_PK_UK id="7CA76973-59C3-AE89-9E25-43FCD2D5C3F1" name="TBL_EPISODIOS_TBL_TEMPORADAS_FK">
<createdBy>josue_9bo11ev</createdBy>
<createdTime>2023-10-22 04:54:34 UTC</createdTime>
<ownerDesignName>NETFLIX</ownerDesignName>
<indexState>Foreign Key</indexState>
<isSurrogateKey>false</isSurrogateKey>
<indexColumnUsage>
<colUsage columnID="1B5524B0-1147-28D6-5331-0F4D2374696F"/>
</indexColumnUsage>
</ind_PK_UK>
</indexes>
</Table>