<?xml version = '1.0' encoding = 'UTF-8'?>
<Table class="oracle.dbtools.crest.model.design.relational.Table" directorySegmentName="seg_0" id="5543A085-D9BB-168C-55D1-E5ACCF20E76E" name="TBL_SERIES">
<createdBy>josue_9bo11ev</createdBy>
<createdTime>2023-10-22 02:47:10 UTC</createdTime>
<ownerDesignName>NETFLIX</ownerDesignName>
<ordsAlias>table_2</ordsAlias>
<allowColumnReorder>false</allowColumnReorder>
<existDependencyGenerateInDDl>true</existDependencyGenerateInDDl>
<parsed>true</parsed>
<columns itemClass="oracle.dbtools.crest.model.design.relational.Column">
<Column name="ID_SERIE" id="CF038137-CB02-6737-42A0-1E58EC867646">
<createdBy>josue_9bo11ev</createdBy>
<createdTime>2023-10-22 02:47:34 UTC</createdTime>
<ownerDesignName>NETFLIX</ownerDesignName>
<useDomainConstraints>false</useDomainConstraints>
<use>1</use>
<logicalDatatype>LOGDT011</logicalDatatype>
<ownDataTypeParameters>,,</ownDataTypeParameters>
<autoIncrementCycle>false</autoIncrementCycle>
</Column>
<Column name="ID_GENERO" id="FAD39676-BABC-5094-A262-611F9D7344DB">
<createdBy>josue_9bo11ev</createdBy>
<createdTime>2023-10-22 02:55:12 UTC</createdTime>
<ownerDesignName>NETFLIX</ownerDesignName>
<useDomainConstraints>false</useDomainConstraints>
<use>1</use>
<logicalDatatype>LOGDT019</logicalDatatype>
<ownDataTypeParameters>,,</ownDataTypeParameters>
<previousColumn>false</previousColumn>
<autoIncrementCycle>false</autoIncrementCycle>
<associations>
<colAssociation fkAssociation="CC0D8C15-3934-C6EC-6A71-AA0A731906FB" referredColumn="63C89022-82E7-7230-DDAE-F96BDDD67AC2"/>
</associations>
</Column>
<Column name="TITULO" id="0ADE90CC-3F19-FC8D-66B7-8E57F4013CA1">
<createdBy>josue_9bo11ev</createdBy>
<createdTime>2023-10-22 02:49:16 UTC</createdTime>
<ownerDesignName>NETFLIX</ownerDesignName>
<nullsAllowed>true</nullsAllowed>
<useDomainConstraints>false</useDomainConstraints>
<use>1</use>
<logicalDatatype>LOGDT024</logicalDatatype>
<dataTypeSize>50</dataTypeSize>
<ownDataTypeParameters>50,,</ownDataTypeParameters>
<autoIncrementCycle>false</autoIncrementCycle>
</Column>
<Column name="DESCRIPCION" id="F290CF11-CC70-F1B3-9D97-EB237ABFA2AA">
<createdBy>josue_9bo11ev</createdBy>
<createdTime>2023-10-22 02:49:16 UTC</createdTime>
<ownerDesignName>NETFLIX</ownerDesignName>
<nullsAllowed>true</nullsAllowed>
<useDomainConstraints>false</useDomainConstraints>
<use>1</use>
<logicalDatatype>LOGDT024</logicalDatatype>
<dataTypeSize>100</dataTypeSize>
<ownDataTypeParameters>100,,</ownDataTypeParameters>
<autoIncrementCycle>false</autoIncrementCycle>
</Column>
<Column name="DIRECTOR" id="5C639DFC-4DA9-04DE-28FA-6DA1141EA209">
<createdBy>josue_9bo11ev</createdBy>
<createdTime>2023-10-22 02:49:16 UTC</createdTime>
<ownerDesignName>NETFLIX</ownerDesignName>
<nullsAllowed>true</nullsAllowed>
<useDomainConstraints>false</useDomainConstraints>
<use>1</use>
<logicalDatatype>LOGDT024</logicalDatatype>
<dataTypeSize>20</dataTypeSize>
<ownDataTypeParameters>20,,</ownDataTypeParameters>
<autoIncrementCycle>false</autoIncrementCycle>
</Column>
<Column name="FECHA_PUBLICACION" id="012C9130-C3C1-A882-D2DC-078D046975E4">
<createdBy>josue_9bo11ev</createdBy>
<createdTime>2023-10-22 02:49:16 UTC</createdTime>
<ownerDesignName>NETFLIX</ownerDesignName>
<nullsAllowed>true</nullsAllowed>
<useDomainConstraints>false</useDomainConstraints>
<use>1</use>
<logicalDatatype>LOGDT011</logicalDatatype>
<ownDataTypeParameters>,,</ownDataTypeParameters>
<autoIncrementCycle>false</autoIncrementCycle>
</Column>
<Column name="CALIFICACION" id="541F16E0-85E8-729F-EEFB-D7D1300F5909">
<createdBy>josue_9bo11ev</createdBy>
<createdTime>2023-10-22 02:49:16 UTC</createdTime>
<ownerDesignName>NETFLIX</ownerDesignName>
<nullsAllowed>true</nullsAllowed>
<useDomainConstraints>false</useDomainConstraints>
<use>1</use>
<logicalDatatype>LOGDT011</logicalDatatype>
<ownDataTypeParameters>,,</ownDataTypeParameters>
<autoIncrementCycle>false</autoIncrementCycle>
</Column>
<Column name="PRODUCTOR(ES)" id="30A263BA-E29F-CBF7-A36E-3B02D1632B83">
<createdBy>josue_9bo11ev</createdBy>
<createdTime>2023-10-22 02:50:13 UTC</createdTime>
<ownerDesignName>NETFLIX</ownerDesignName>
<nullsAllowed>true</nullsAllowed>
<useDomainConstraints>false</useDomainConstraints>
<use>1</use>
<logicalDatatype>LOGDT024</logicalDatatype>
<dataTypeSize>50</dataTypeSize>
<ownDataTypeParameters>50,,</ownDataTypeParameters>
<autoIncrementCycle>false</autoIncrementCycle>
</Column>
<Column name="ELENCO" id="A633B39A-F7F5-A73B-5D7B-30A6CA76B312">
<createdBy>josue_9bo11ev</createdBy>
<createdTime>2023-10-22 02:50:13 UTC</createdTime>
<ownerDesignName>NETFLIX</ownerDesignName>
<nullsAllowed>true</nullsAllowed>
<useDomainConstraints>false</useDomainConstraints>
<use>1</use>
<logicalDatatype>LOGDT024</logicalDatatype>
<dataTypeSize>75</dataTypeSize>
<ownDataTypeParameters>75,,</ownDataTypeParameters>
<autoIncrementCycle>false</autoIncrementCycle>
</Column>
<Column name="TEMPORADAS" id="327ECAA1-E4EF-10BE-CE27-0112957DE175">
<createdBy>josue_9bo11ev</createdBy>
<createdTime>2023-10-22 02:50:13 UTC</createdTime>
<ownerDesignName>NETFLIX</ownerDesignName>
<nullsAllowed>true</nullsAllowed>
<useDomainConstraints>false</useDomainConstraints>
<use>1</use>
<logicalDatatype>LOGDT011</logicalDatatype>
<ownDataTypeParameters>,,</ownDataTypeParameters>
<autoIncrementCycle>false</autoIncrementCycle>
</Column>
<Column name="EPISODIOS_POR_TEMPORADA" id="ED562BA5-BC2B-EECC-73A5-D0B7A82B844F">
<createdBy>josue_9bo11ev</createdBy>
<createdTime>2023-10-22 02:50:13 UTC</createdTime>
<ownerDesignName>NETFLIX</ownerDesignName>
<nullsAllowed>true</nullsAllowed>
<useDomainConstraints>false</useDomainConstraints>
<use>1</use>
<logicalDatatype>LOGDT011</logicalDatatype>
<ownDataTypeParameters>,,</ownDataTypeParameters>
<autoIncrementCycle>false</autoIncrementCycle>
</Column>
<Column name="ULTIMA_VISUALIZACION" id="BDF2044F-7963-882B-A237-4828EE23083E">
<createdBy>josue_9bo11ev</createdBy>
<createdTime>2023-10-22 03:01:06 UTC</createdTime>
<ownerDesignName>NETFLIX</ownerDesignName>
<nullsAllowed>true</nullsAllowed>
<useDomainConstraints>false</useDomainConstraints>
<use>1</use>
<logicalDatatype>LOGDT007</logicalDatatype>
<ownDataTypeParameters>,,</ownDataTypeParameters>
<autoIncrementCycle>false</autoIncrementCycle>
</Column>
</columns>
<indexes itemClass="oracle.dbtools.crest.model.design.relational.Index">
<ind_PK_UK id="50F6ED4B-15B9-097E-434D-19B7BE79F10D" name="TBL_SERIES_PK">
<createdBy>josue_9bo11ev</createdBy>
<createdTime>2023-10-22 02:54:56 UTC</createdTime>
<ownerDesignName>NETFLIX</ownerDesignName>
<pk>true</pk>
<indexState>Primary Constraint</indexState>
<isSurrogateKey>false</isSurrogateKey>
<indexColumnUsage>
<colUsage columnID="CF038137-CB02-6737-42A0-1E58EC867646"/>
</indexColumnUsage>
</ind_PK_UK>
<ind_PK_UK id="98680F24-EBB2-5488-EAD3-352692F24B5C" name="TBL_SERIES_TBL_GENERO_FK">
<createdBy>josue_9bo11ev</createdBy>
<createdTime>2023-10-22 02:55:11 UTC</createdTime>
<ownerDesignName>NETFLIX</ownerDesignName>
<indexState>Foreign Key</indexState>
<isSurrogateKey>false</isSurrogateKey>
<indexColumnUsage>
<colUsage columnID="FAD39676-BABC-5094-A262-611F9D7344DB"/>
</indexColumnUsage>
</ind_PK_UK>
</indexes>
</Table>