<?xml version = '1.0' encoding = 'UTF-8'?>
<Table class="oracle.dbtools.crest.model.design.relational.Table" directorySegmentName="seg_0" id="74531F58-A988-F266-02AF-75FD9E9F786F" name="TBL_LISTAS_DE_REPRODUCCION">
<createdBy>josue_9bo11ev</createdBy>
<createdTime>2023-10-22 04:58:22 UTC</createdTime>
<ownerDesignName>NETFLIX</ownerDesignName>
<ordsAlias>table_7</ordsAlias>
<allowColumnReorder>false</allowColumnReorder>
<existDependencyGenerateInDDl>true</existDependencyGenerateInDDl>
<parsed>true</parsed>
<columns itemClass="oracle.dbtools.crest.model.design.relational.Column">
<Column name="ID_LISTA" id="3FD96AEA-65A3-FCD1-B722-A59A05CB6DF7">
<createdBy>josue_9bo11ev</createdBy>
<createdTime>2023-10-22 04:59:34 UTC</createdTime>
<ownerDesignName>NETFLIX</ownerDesignName>
<useDomainConstraints>false</useDomainConstraints>
<use>1</use>
<logicalDatatype>LOGDT011</logicalDatatype>
<ownDataTypeParameters>,,</ownDataTypeParameters>
<autoIncrementCycle>false</autoIncrementCycle>
</Column>
<Column name="NOMBRE" id="47DE95F7-191E-334F-0680-0768846473E8">
<createdBy>josue_9bo11ev</createdBy>
<createdTime>2023-10-22 04:59:34 UTC</createdTime>
<ownerDesignName>NETFLIX</ownerDesignName>
<nullsAllowed>true</nullsAllowed>
<useDomainConstraints>false</useDomainConstraints>
<use>1</use>
<logicalDatatype>LOGDT024</logicalDatatype>
<dataTypeSize>25</dataTypeSize>
<ownDataTypeParameters>25,,</ownDataTypeParameters>
<autoIncrementCycle>false</autoIncrementCycle>
</Column>
<Column name="DESCRIPCION" id="0B3572A6-158D-F960-A72A-C230B714A2A1">
<createdBy>josue_9bo11ev</createdBy>
<createdTime>2023-10-22 04:59:34 UTC</createdTime>
<ownerDesignName>NETFLIX</ownerDesignName>
<nullsAllowed>true</nullsAllowed>
<useDomainConstraints>false</useDomainConstraints>
<use>1</use>
<logicalDatatype>LOGDT024</logicalDatatype>
<dataTypeSize>30</dataTypeSize>
<ownDataTypeParameters>30,,</ownDataTypeParameters>
<autoIncrementCycle>false</autoIncrementCycle>
</Column>
</columns>
<indexes itemClass="oracle.dbtools.crest.model.design.relational.Index">
<ind_PK_UK id="47ACCC19-5516-02ED-A987-53C3EEE68132" name="TBL_LISTAS_DE_REPRODUCCION_PK">
<createdBy>josue_9bo11ev</createdBy>
<createdTime>2023-10-22 04:59:34 UTC</createdTime>
<ownerDesignName>NETFLIX</ownerDesignName>
<pk>true</pk>
<indexState>Primary Constraint</indexState>
<isSurrogateKey>false</isSurrogateKey>
<indexColumnUsage>
<colUsage columnID="3FD96AEA-65A3-FCD1-B722-A59A05CB6DF7"/>
</indexColumnUsage>
</ind_PK_UK>
</indexes>
</Table>