<?xml version = '1.0' encoding = 'UTF-8'?>
<Table class="oracle.dbtools.crest.model.design.relational.Table" directorySegmentName="seg_0" id="873CE9CD-DF95-A979-99E9-656AA8F1349D" name="TBL_VALORACION">
<createdBy>josue_9bo11ev</createdBy>
<createdTime>2023-10-22 05:00:41 UTC</createdTime>
<ownerDesignName>NETFLIX</ownerDesignName>
<ordsAlias>table_8</ordsAlias>
<allowColumnReorder>false</allowColumnReorder>
<existDependencyGenerateInDDl>true</existDependencyGenerateInDDl>
<parsed>true</parsed>
<columns itemClass="oracle.dbtools.crest.model.design.relational.Column">
<Column name="ID_VALORACION" id="BF1CDA99-8A98-152C-1125-09079FD17393">
<createdBy>josue_9bo11ev</createdBy>
<createdTime>2023-10-22 05:01:23 UTC</createdTime>
<ownerDesignName>NETFLIX</ownerDesignName>
<useDomainConstraints>false</useDomainConstraints>
<use>1</use>
<logicalDatatype>LOGDT011</logicalDatatype>
<ownDataTypeParameters>,,</ownDataTypeParameters>
<autoIncrementCycle>false</autoIncrementCycle>
</Column>
<Column name="ID_PELICULA" id="478DFF48-9B76-17A9-FCAA-580355AA5DF4">
<createdBy>josue_9bo11ev</createdBy>
<createdTime>2023-10-22 05:01:49 UTC</createdTime>
<ownerDesignName>NETFLIX</ownerDesignName>
<useDomainConstraints>false</useDomainConstraints>
<use>1</use>
<logicalDatatype>LOGDT011</logicalDatatype>
<ownDataTypeParameters>,,</ownDataTypeParameters>
<previousColumn>false</previousColumn>
<autoIncrementCycle>false</autoIncrementCycle>
<associations>
<colAssociation fkAssociation="E09F166E-1171-B21B-D628-6EA3FEDCDA11" referredColumn="5FC0216A-7409-B6F1-C6CC-18C2D77569FD"/>
</associations>
</Column>
<Column name="ID_SERIE" id="93EA4A1B-C171-394E-B9F2-E2C0F8D30D92">
<createdBy>josue_9bo11ev</createdBy>
<createdTime>2023-10-22 05:01:55 UTC</createdTime>
<ownerDesignName>NETFLIX</ownerDesignName>
<useDomainConstraints>false</useDomainConstraints>
<use>1</use>
<logicalDatatype>LOGDT011</logicalDatatype>
<ownDataTypeParameters>,,</ownDataTypeParameters>
<previousColumn>false</previousColumn>
<autoIncrementCycle>false</autoIncrementCycle>
<associations>
<colAssociation fkAssociation="0E13DABB-9EB0-1775-9006-3C7981AD02CD" referredColumn="CF038137-CB02-6737-42A0-1E58EC867646"/>
</associations>
</Column>
<Column name="PUNTUACION" id="F17E5DAE-B330-480E-DC63-75233B3EA60C">
<createdBy>josue_9bo11ev</createdBy>
<createdTime>2023-10-22 05:01:23 UTC</createdTime>
<ownerDesignName>NETFLIX</ownerDesignName>
<nullsAllowed>true</nullsAllowed>
<useDomainConstraints>false</useDomainConstraints>
<use>1</use>
<logicalDatatype>LOGDT011</logicalDatatype>
<ownDataTypeParameters>,,</ownDataTypeParameters>
<autoIncrementCycle>false</autoIncrementCycle>
</Column>
</columns>
<indexes itemClass="oracle.dbtools.crest.model.design.relational.Index">
<ind_PK_UK id="2C95167A-C3E0-5CA4-F7CB-9550D063D105" name="TBL_VALORACION_PK">
<createdBy>josue_9bo11ev</createdBy>
<createdTime>2023-10-22 05:01:23 UTC</createdTime>
<ownerDesignName>NETFLIX</ownerDesignName>
<pk>true</pk>
<indexState>Primary Constraint</indexState>
<isSurrogateKey>false</isSurrogateKey>
<indexColumnUsage>
<colUsage columnID="BF1CDA99-8A98-152C-1125-09079FD17393"/>
<colUsage columnID="93EA4A1B-C171-394E-B9F2-E2C0F8D30D92"/>
<colUsage columnID="478DFF48-9B76-17A9-FCAA-580355AA5DF4"/>
</indexColumnUsage>
</ind_PK_UK>
<ind_PK_UK id="8149D023-1300-F4F0-D514-945916700BCA" name="TBL_VALORACION_TBL_PELICULAS_FK">
<createdBy>josue_9bo11ev</createdBy>
<createdTime>2023-10-22 05:01:49 UTC</createdTime>
<ownerDesignName>NETFLIX</ownerDesignName>
<indexState>Foreign Key</indexState>
<isSurrogateKey>false</isSurrogateKey>
<indexColumnUsage>
<colUsage columnID="478DFF48-9B76-17A9-FCAA-580355AA5DF4"/>
</indexColumnUsage>
</ind_PK_UK>
<ind_PK_UK id="19321086-652E-DCD6-B9A6-AC3137DBD835" name="TBL_VALORACION_TBL_SERIES_FK">
<createdBy>josue_9bo11ev</createdBy>
<createdTime>2023-10-22 05:01:55 UTC</createdTime>
<ownerDesignName>NETFLIX</ownerDesignName>
<indexState>Foreign Key</indexState>
<isSurrogateKey>false</isSurrogateKey>
<indexColumnUsage>
<colUsage columnID="93EA4A1B-C171-394E-B9F2-E2C0F8D30D92"/>
</indexColumnUsage>
</ind_PK_UK>
</indexes>
</Table>