<?xml version = '1.0' encoding = 'UTF-8'?>
<Table class="oracle.dbtools.crest.model.design.relational.Table" directorySegmentName="seg_0" id="C52A019D-C9A6-7A04-04AB-9F70C2D4AB9A" name="TBL_PELICULAS">
<createdBy>josue_9bo11ev</createdBy>
<createdTime>2023-10-22 02:56:00 UTC</createdTime>
<ownerDesignName>NETFLIX</ownerDesignName>
<ordsAlias>table_2</ordsAlias>
<allowColumnReorder>false</allowColumnReorder>
<existDependencyGenerateInDDl>true</existDependencyGenerateInDDl>
<parsed>true</parsed>
<columns itemClass="oracle.dbtools.crest.model.design.relational.Column">
<Column name="ID_PELICULA" id="5FC0216A-7409-B6F1-C6CC-18C2D77569FD">
<createdBy>josue_9bo11ev</createdBy>
<createdTime>2023-10-22 02:56:00 UTC</createdTime>
<ownerDesignName>NETFLIX</ownerDesignName>
<useDomainConstraints>false</useDomainConstraints>
<use>1</use>
<logicalDatatype>LOGDT011</logicalDatatype>
<ownDataTypeParameters>,,</ownDataTypeParameters>
<autoIncrementCycle>false</autoIncrementCycle>
</Column>
<Column name="ID_GENERO" id="FC2162A0-36A1-067B-A0AE-EF463DA2E033">
<createdBy>josue_9bo11ev</createdBy>
<createdTime>2023-10-22 02:56:00 UTC</createdTime>
<ownerDesignName>NETFLIX</ownerDesignName>
<useDomainConstraints>false</useDomainConstraints>
<use>1</use>
<logicalDatatype>LOGDT019</logicalDatatype>
<ownDataTypeParameters>,,</ownDataTypeParameters>
<previousColumn>false</previousColumn>
<autoIncrementCycle>false</autoIncrementCycle>
<associations>
<colAssociation fkAssociation="5617F731-A948-C402-1D84-109CFB75AF60" referredColumn="63C89022-82E7-7230-DDAE-F96BDDD67AC2"/>
</associations>
</Column>
<Column name="TITULO" id="48A39FBE-C0A1-A55E-38AB-DB0A00B92C58">
<createdBy>josue_9bo11ev</createdBy>
<createdTime>2023-10-22 02:56:00 UTC</createdTime>
<ownerDesignName>NETFLIX</ownerDesignName>
<nullsAllowed>true</nullsAllowed>
<useDomainConstraints>false</useDomainConstraints>
<use>1</use>
<logicalDatatype>LOGDT024</logicalDatatype>
<dataTypeSize>50</dataTypeSize>
<ownDataTypeParameters>50,,</ownDataTypeParameters>
<autoIncrementCycle>false</autoIncrementCycle>
</Column>
<Column name="DESCRIPCION" id="A394AF66-0B9B-5198-4EF2-F386C50FDAEB">
<createdBy>josue_9bo11ev</createdBy>
<createdTime>2023-10-22 02:56:00 UTC</createdTime>
<ownerDesignName>NETFLIX</ownerDesignName>
<nullsAllowed>true</nullsAllowed>
<useDomainConstraints>false</useDomainConstraints>
<use>1</use>
<logicalDatatype>LOGDT024</logicalDatatype>
<dataTypeSize>100</dataTypeSize>
<ownDataTypeParameters>100,,</ownDataTypeParameters>
<autoIncrementCycle>false</autoIncrementCycle>
</Column>
<Column name="DIRECTOR" id="B1D18A92-A0D7-E0A8-424F-8F9484F5A143">
<createdBy>josue_9bo11ev</createdBy>
<createdTime>2023-10-22 02:56:00 UTC</createdTime>
<ownerDesignName>NETFLIX</ownerDesignName>
<nullsAllowed>true</nullsAllowed>
<useDomainConstraints>false</useDomainConstraints>
<use>1</use>
<logicalDatatype>LOGDT024</logicalDatatype>
<dataTypeSize>20</dataTypeSize>
<ownDataTypeParameters>20,,</ownDataTypeParameters>
<autoIncrementCycle>false</autoIncrementCycle>
</Column>
<Column name="FECHA_PUBLICACION" id="08B384AD-961D-168B-A075-3B26D1B50DC4">
<createdBy>josue_9bo11ev</createdBy>
<createdTime>2023-10-22 02:56:00 UTC</createdTime>
<ownerDesignName>NETFLIX</ownerDesignName>
<nullsAllowed>true</nullsAllowed>
<useDomainConstraints>false</useDomainConstraints>
<use>1</use>
<logicalDatatype>LOGDT011</logicalDatatype>
<ownDataTypeParameters>,,</ownDataTypeParameters>
<autoIncrementCycle>false</autoIncrementCycle>
</Column>
<Column name="CALIFICACION" id="E3AC206D-2E1F-6813-E01E-1C61E8A2C059">
<createdBy>josue_9bo11ev</createdBy>
<createdTime>2023-10-22 02:56:00 UTC</createdTime>
<ownerDesignName>NETFLIX</ownerDesignName>
<nullsAllowed>true</nullsAllowed>
<useDomainConstraints>false</useDomainConstraints>
<use>1</use>
<logicalDatatype>LOGDT011</logicalDatatype>
<ownDataTypeParameters>,,</ownDataTypeParameters>
<autoIncrementCycle>false</autoIncrementCycle>
</Column>
<Column name="PRODUCTOR(ES)" id="1F6D98E3-3592-770C-1DCC-FF73443E89BB">
<createdBy>josue_9bo11ev</createdBy>
<createdTime>2023-10-22 02:56:00 UTC</createdTime>
<ownerDesignName>NETFLIX</ownerDesignName>
<nullsAllowed>true</nullsAllowed>
<useDomainConstraints>false</useDomainConstraints>
<use>1</use>
<logicalDatatype>LOGDT024</logicalDatatype>
<dataTypeSize>50</dataTypeSize>
<ownDataTypeParameters>50,,</ownDataTypeParameters>
<autoIncrementCycle>false</autoIncrementCycle>
</Column>
<Column name="ELENCO" id="F843D2F0-F3DD-92D7-CD46-4C68B60D94A6">
<createdBy>josue_9bo11ev</createdBy>
<createdTime>2023-10-22 02:56:00 UTC</createdTime>
<ownerDesignName>NETFLIX</ownerDesignName>
<nullsAllowed>true</nullsAllowed>
<useDomainConstraints>false</useDomainConstraints>
<use>1</use>
<logicalDatatype>LOGDT024</logicalDatatype>
<dataTypeSize>75</dataTypeSize>
<ownDataTypeParameters>75,,</ownDataTypeParameters>
<autoIncrementCycle>false</autoIncrementCycle>
</Column>
<Column name="DURACION" id="1043DD56-C434-2F21-38CC-74B5F969E78A">
<createdBy>josue_9bo11ev</createdBy>
<createdTime>2023-10-22 02:57:31 UTC</createdTime>
<ownerDesignName>NETFLIX</ownerDesignName>
<nullsAllowed>true</nullsAllowed>
<useDomainConstraints>false</useDomainConstraints>
<use>1</use>
<logicalDatatype>LOGDT011</logicalDatatype>
<ownDataTypeParameters>,,</ownDataTypeParameters>
<autoIncrementCycle>false</autoIncrementCycle>
</Column>
<Column name="ESTADO_VISUALIZACION" id="D1390A61-BCDA-8D7F-B3E7-19909C901419">
<createdBy>josue_9bo11ev</createdBy>
<createdTime>2023-10-22 03:00:50 UTC</createdTime>
<ownerDesignName>NETFLIX</ownerDesignName>
<nullsAllowed>true</nullsAllowed>
<useDomainConstraints>false</useDomainConstraints>
<use>1</use>
<logicalDatatype>LOGDT024</logicalDatatype>
<dataTypeSize>10</dataTypeSize>
<ownDataTypeParameters>10,,</ownDataTypeParameters>
<autoIncrementCycle>false</autoIncrementCycle>
</Column>
<Column name="ULTIMA_VISUALIZACION" id="EEBFCEAB-E323-3D6B-55D6-22516B7FE3A2">
<createdBy>josue_9bo11ev</createdBy>
<createdTime>2023-10-22 03:00:50 UTC</createdTime>
<ownerDesignName>NETFLIX</ownerDesignName>
<nullsAllowed>true</nullsAllowed>
<useDomainConstraints>false</useDomainConstraints>
<use>1</use>
<logicalDatatype>LOGDT007</logicalDatatype>
<ownDataTypeParameters>,,</ownDataTypeParameters>
<autoIncrementCycle>false</autoIncrementCycle>
</Column>
</columns>
<indexes itemClass="oracle.dbtools.crest.model.design.relational.Index">
<ind_PK_UK id="7E82E550-8CE8-9ECC-DF0A-8EAF750A6303" name="TBL_SERIESv1_PK">
<createdBy>josue_9bo11ev</createdBy>
<createdTime>2023-10-22 02:56:00 UTC</createdTime>
<ownerDesignName>NETFLIX</ownerDesignName>
<pk>true</pk>
<indexState>Primary Constraint</indexState>
<isSurrogateKey>false</isSurrogateKey>
<indexColumnUsage>
<colUsage columnID="5FC0216A-7409-B6F1-C6CC-18C2D77569FD"/>
</indexColumnUsage>
</ind_PK_UK>
<ind_PK_UK id="783B03ED-D529-0D42-35B6-ADC21DC43A67" name="TBL_SERIESv1_TBL_GENERO_FK">
<createdBy>josue_9bo11ev</createdBy>
<createdTime>2023-10-22 02:56:00 UTC</createdTime>
<ownerDesignName>NETFLIX</ownerDesignName>
<indexState>Foreign Key</indexState>
<isSurrogateKey>false</isSurrogateKey>
<indexColumnUsage>
<colUsage columnID="FC2162A0-36A1-067B-A0AE-EF463DA2E033"/>
</indexColumnUsage>
</ind_PK_UK>
</indexes>
</Table>