<?xml version = '1.0' encoding = 'UTF-8'?>
<Table class="oracle.dbtools.crest.model.design.relational.Table" directorySegmentName="seg_0" id="C9B6047B-67C3-C36D-2DED-3B3A515D5C0B" name="TBL_GENERO">
<createdBy>josue_9bo11ev</createdBy>
<createdTime>2023-10-22 02:45:39 UTC</createdTime>
<ownerDesignName>NETFLIX</ownerDesignName>
<ordsAlias>table_1</ordsAlias>
<allowColumnReorder>false</allowColumnReorder>
<existDependencyGenerateInDDl>true</existDependencyGenerateInDDl>
<parsed>true</parsed>
<columns itemClass="oracle.dbtools.crest.model.design.relational.Column">
<Column name="ID_GENERO" id="63C89022-82E7-7230-DDAE-F96BDDD67AC2">
<createdBy>josue_9bo11ev</createdBy>
<createdTime>2023-10-22 02:46:32 UTC</createdTime>
<ownerDesignName>NETFLIX</ownerDesignName>
<useDomainConstraints>false</useDomainConstraints>
<use>1</use>
<logicalDatatype>LOGDT019</logicalDatatype>
<ownDataTypeParameters>,,</ownDataTypeParameters>
<autoIncrementCycle>false</autoIncrementCycle>
</Column>
<Column name="GENERO_NOMBRE" id="8F63056D-93F8-108A-322F-BFDC73924C2B">
<createdBy>josue_9bo11ev</createdBy>
<createdTime>2023-10-22 02:46:32 UTC</createdTime>
<ownerDesignName>NETFLIX</ownerDesignName>
<nullsAllowed>true</nullsAllowed>
<useDomainConstraints>false</useDomainConstraints>
<use>1</use>
<logicalDatatype>LOGDT024</logicalDatatype>
<dataTypeSize>30</dataTypeSize>
<ownDataTypeParameters>30,,</ownDataTypeParameters>
<autoIncrementCycle>false</autoIncrementCycle>
</Column>
</columns>
<indexes itemClass="oracle.dbtools.crest.model.design.relational.Index">
<ind_PK_UK id="49B8E5E9-FC6B-A1D9-D32C-99074540C52B" name="TBL_GENERO_PK">
<createdBy>josue_9bo11ev</createdBy>
<createdTime>2023-10-22 02:46:32 UTC</createdTime>
<ownerDesignName>NETFLIX</ownerDesignName>
<pk>true</pk>
<indexState>Primary Constraint</indexState>
<isSurrogateKey>false</isSurrogateKey>
<indexColumnUsage>
<colUsage columnID="63C89022-82E7-7230-DDAE-F96BDDD67AC2"/>
</indexColumnUsage>
</ind_PK_UK>
</indexes>
</Table>